
INSERT INTO jc_street( streat_code, street_name) VALUES
    (8, 'улица Садовая'),
    (9, 'Невский проспект'),
    (10, 'улица Стахановцев'),
    (11, 'улица Гороховая'),
    (12, 'проспект Ветеранов');

INSERT INTO jc_country_struct(area_id, area_name) VALUES
    ('010000000000', 'Город'),
    ('010010000000', 'Город Район 1'),
    ('010020000000', 'Город Район 2'),
    ('010030000000', 'Город Район 3'),
    ('010040000000', 'Город Район 4'),

    ('020000000000', 'Край'),
    ('020010000000', 'Край Область 1'),
    ('020010010000', 'Край Область 1 Район 1'),
    ('020010010001', 'Край Область 1 Район 1 Поселение 1'),
    ('020010010002', 'Край Область 1 Район 1 Поселение 2'),
    ('020010020000', 'Край Область 1 Район 2'),
    ('020010020001', 'Край Область 1 Район 2 Поселение 1'),
    ('020010020002', 'Край Область 1 Район 2 Поселение 2'),
    ('020010020003', 'Край Область 1 Район 2 Поселение 3'),

    ('020020000000', 'Край Область 2 '),
    ('020020010000', 'Край Область 2 Район 1 '),
    ('020020010001', 'Край Область 2 Район 1 Поселение 1'),
    ('020020010002', 'Край Область 2 Район 1 Поселение 2'),
    ('020020010011', 'Край Область 2 Район 1 Поселение 11'),
    ('020020020000', 'Край Область 2 Район 2 '),
    ('020020020001', 'Край Область 2 Район 2 Поселение 1'),
    ('020020020002', 'Край Область 2 Район 2 Поселение 2'),
    ('020020020003', 'Край Область 2 Район 2 Поселение 3');

INSERT INTO jc_passport_office (p_office_id, p_office_area_id, p_office_name) VALUES
        (1, '010010000000', 'Паспортный стол  район 1 город '),
        (2, '010020000000', 'Паспортный стол 1 район 2 город '),
        (3, '010020000000', 'Паспортный стол 2 район 2 город'),
        (4, '020010010001', 'Паспортный стол  область 1 посеение 1 '),
        (5, '020010010002', 'Паспортный стол  область 1 посеение 2 '),
        (6, '020020010000', 'Паспортный стол  область 2 район 1'),
        (7, '020020020000', 'Паспортный стол  область 2 райод 2');



INSERT INTO jc_registre_office (r_office_id, r_office_area_id, r_office_name) VALUES
    (1, '010010000000', 'ЗАГС 1 район 1 город '),
    (2, '010010000000', 'ЗАГС 2 район 1 город '),
    (3, '010020000000', 'ЗАГС  район 2 город '),
    (4, '020010010001', 'ЗАГС Область 1 поселение 1'),
    (5, '020010010002', 'ЗАГС Область 1 поселение 2'),
    (6, '020020000000', 'ЗАГС Область 2 район 1'),
    (7, '020020000000', 'ЗАГС Область 2 район 2');

   INSERT INTO jc_registre_office (r_office_id, r_office_area_id, r_office_name) VALUES
        (85, '010010000000', 'ЗАГС 1 район 1 город '),

INSERT INTO jc_student_child (  student_order_id, c_sur_name, c_given_name,  c_patronymic,
c_date_of_birth,  c_sertificate_number,  c_sertificate_date,  c_register_office_id,  c_post_index,
    c_street_code,  c_building,  c_extension,  c_apartment)
       VALUES (1, 'name', 'given_name', 'patronymic', '1998-03-12',
       'sertificate_number', '1998-03-12', 020010010001, 'sertificate_number', 1,
       'building', 'extension', 'apartment' );
